Workbook

Sheet Inventory list
B1: INVENTORY LIST
B2: TOTAL INVENTORY VALUE: | C2: =SUM('Inventory list'!$J$4:$J$14) -> $4,649.00 | D2: INVENTORY ITEMS: | F2: =COUNTA('Inventory list'!$C$4:$C$14) -> 11 | G2: BIN COUNT: | I2: {=SUMPRODUCT((1/COUNTIF('Inventory list'!$D$4:$D$14,'Inventory list'!$D$4:$D$14&"")))} -> 6
B3: SKU | C3: DESCRIPTION | D3: BIN # | E3: LOCATION | F3: UNIT | G3: QTY | H3: REORDER QTY | I3: COST | J3: INVENTORY VALUE | K3: REORDER
B4: SP7875 | C4: Item 1 | D4: T345 | E4: =IFERROR(VLOOKUP('Inventory list'!$D4,'Bin lookup'!$B$4:$G$10,3,FALSE),"") -> Row 2, slot 1 | F4: Each | G4: 20 | H4: 10 | I4: 30 | J4: ='Inventory list'!$G4*'Inventory list'!$I4 -> $600.00 | K4: =IFERROR(IF('Inventory list'!$G4<='Inventory list'!$H4,1,0),0)
B5: TR87680 | C5: Item 2 | D5: T345 | E5: =IFERROR(VLOOKUP('Inventory list'!$D5,'Bin lookup'!$B$4:$G$10,3,FALSE),"") -> Row 2, slot 1 | F5: Each | G5: 30 | H5: 15 | I5: 40 | J5: ='Inventory list'!$G5*'Inventory list'!$I5 -> $1,200.00 | K5: =IFERROR(IF('Inventory list'!$G5<='Inventory list'!$H5,1,0),0)
B6: MK676554 | C6: Item 3 | D6: T5789 | E6: =IFERROR(VLOOKUP('Inventory list'!$D6,'Bin lookup'!$B$4:$G$10,3,FALSE),"") -> Row 1, slot 1 | F6: Each | G6: 10 | H6: 5 | I6: 5 | J6: ='Inventory list'!$G6*'Inventory list'!$I6 -> $50.00 | K6: =IFERROR(IF('Inventory list'!$G6<='Inventory list'!$H6,1,0),0)
B7: YE98767 | C7: Item 4 | D7: T9876 | E7: =IFERROR(VLOOKUP('Inventory list'!$D7,'Bin lookup'!$B$4:$G$10,3,FALSE),"") -> Row 3, slot 2 | F7: Box (10 ct) | G7: 40 | H7: 10 | I7: 15 | J7: ='Inventory list'!$G7*'Inventory list'!$I7 -> $600.00 | K7: =IFERROR(IF('Inventory list'!$G7<='Inventory list'!$H7,1,0),0)
B8: XR23423 | C8: Item 5 | D8: T098 | E8: =IFERROR(VLOOKUP('Inventory list'!$D8,'Bin lookup'!$B$4:$G$10,3,FALSE),"") -> Row 3, slot 1 | F8: Each | G8: 12 | H8: 10 | I8: 26 | J8: ='Inventory list'!$G8*'Inventory list'!$I8 -> $312.00 | K8: =IFERROR(IF('Inventory list'!$G8<='Inventory list'!$H8,1,0),0)
B9: PW98762 | C9: Item 6 | D9: T345 | E9: =IFERROR(VLOOKUP('Inventory list'!$D9,'Bin lookup'!$B$4:$G$10,3,FALSE),"") -> Row 2, slot 1 | F9: Each | G9: 7 | H9: 10 | I9: 50 | J9: ='Inventory list'!$G9*'Inventory list'!$I9 -> $350.00 | K9: =IFERROR(IF('Inventory list'!$G9<='Inventory list'!$H9,1,0),0) -> Reorder
B10: BM87684 | C10: Item 7 | D10: T349 | E10: =IFERROR(VLOOKUP('Inventory list'!$D10,'Bin lookup'!$B$4:$G$10,3,FALSE),"") -> Row 1, slot 2 | F10: Each | G10: 10 | H10: 5 | I10: 10 | J10: ='Inventory list'!$G10*'Inventory list'!$I10 -> $100.00 | K10: =IFERROR(IF('Inventory list'!$G10<='Inventory list'!$H10,1,0),0)
B11: BH67655 | C11: Item 8 | D11: T5789 | E11: =IFERROR(VLOOKUP('Inventory list'!$D11,'Bin lookup'!$B$4:$G$10,3,FALSE),"") -> Row 1, slot 1 | F11: Each | G11: 19 | H11: 10 | I11: 3 | J11: ='Inventory list'!$G11*'Inventory list'!$I11 -> $57.00 | K11: =IFERROR(IF('Inventory list'!$G11<='Inventory list'!$H11,1,0),0)
B12: WT98768 | C12: Item 9 | D12: T9875 | E12: =IFERROR(VLOOKUP('Inventory list'!$D12,'Bin lookup'!$B$4:$G$10,3,FALSE),"") -> Row 2, slot 2 | F12: Package (5 ct) | G12: 20 | H12: 30 | I12: 14 | J12: ='Inventory list'!$G12*'Inventory list'!$I12 -> $280.00 | K12: =IFERROR(IF('Inventory list'!$G12<='Inventory list'!$H12,1,0),0) -> Reorder
B13: TS3456 | C13: Item 10 | D13: T349 | E13: =IFERROR(VLOOKUP('Inventory list'!$D13,'Bin lookup'!$B$4:$G$10,3,FALSE),"") -> Row 1, slot 2 | F13: Each | G13: 15 | H13: 8 | I13: 60 | J13: ='Inventory list'!$G13*'Inventory list'!$I13 -> $900.00 | K13: =IFERROR(IF('Inventory list'!$G13<='Inventory list'!$H13,1,0),0)
B14: WDG123 | C14: Item 11 | D14: T349 | E14: =IFERROR(VLOOKUP('Inventory list'!$D14,'Bin lookup'!$B$4:$G$10,3,FALSE),"") -> Row 1, slot 2 | F14: Each | G14: 25 | H14: 15 | I14: 8 | J14: ='Inventory list'!$G14*'Inventory list'!$I14 -> $200.00 | K14: =IFERROR(IF('Inventory list'!$G14<='Inventory list'!$H14,1,0),0)

Sheet Inventory pick list
B1: INVENTORY PICK LIST
B3: ORDER # | C3: SKU | D3: PICK QTY | E3: QTY AVAILABLE | F3: ITEM DESCRIPTION | G3: UNIT | H3: BIN # | I3: LOCATION
B4: TP001-1 | C4: SP7875 | D4: 3 | E4: =IFERROR(VLOOKUP('Inventory pick list'!$C4,'Inventory list'!$B$4:$K$14,6,FALSE),"") -> 20 | F4: =IFERROR(VLOOKUP('Inventory pick list'!$C4,'Inventory list'!$B$4:$K$14,2,FALSE),"") -> Item 1 | G4: =IFERROR(VLOOKUP('Inventory pick list'!$C4,'Inventory list'!$B$4:$K$14,5,FALSE),"") -> Each | H4: =IFERROR(VLOOKUP('Inventory pick list'!$C4,'Inventory list'!$B$4:$K$14,3,FALSE),"") -> T345 | I4: =IFERROR(VLOOKUP('Inventory pick list'!$C4,'Inventory list'!$B$4:$K$14,4,FALSE),"") -> Row 2, slot 1
B5: TP001-1 | C5: YE98767 | D5: 1 | E5: =IFERROR(VLOOKUP('Inventory pick list'!$C5,'Inventory list'!$B$4:$K$14,6,FALSE),"") -> 40 | F5: =IFERROR(VLOOKUP('Inventory pick list'!$C5,'Inventory list'!$B$4:$K$14,2,FALSE),"") -> Item 4 | G5: =IFERROR(VLOOKUP('Inventory pick list'!$C5,'Inventory list'!$B$4:$K$14,5,FALSE),"") -> Box (10 ct) | H5: =IFERROR(VLOOKUP('Inventory pick list'!$C5,'Inventory list'!$B$4:$K$14,3,FALSE),"") -> T9876 | I5: =IFERROR(VLOOKUP('Inventory pick list'!$C5,'Inventory list'!$B$4:$K$14,4,FALSE),"") -> Row 3, slot 2
B6: TP001-1 | C6: BM87684 | D6: 2 | E6: =IFERROR(VLOOKUP('Inventory pick list'!$C6,'Inventory list'!$B$4:$K$14,6,FALSE),"") -> 10 | F6: =IFERROR(VLOOKUP('Inventory pick list'!$C6,'Inventory list'!$B$4:$K$14,2,FALSE),"") -> Item 7 | G6: =IFERROR(VLOOKUP('Inventory pick list'!$C6,'Inventory list'!$B$4:$K$14,5,FALSE),"") -> Each | H6: =IFERROR(VLOOKUP('Inventory pick list'!$C6,'Inventory list'!$B$4:$K$14,3,FALSE),"") -> T349 | I6: =IFERROR(VLOOKUP('Inventory pick list'!$C6,'Inventory list'!$B$4:$K$14,4,FALSE),"") -> Row 1, slot 2
B7: TP001-1 | C7: TS3456 | D7: 6 | E7: =IFERROR(VLOOKUP('Inventory pick list'!$C7,'Inventory list'!$B$4:$K$14,6,FALSE),"") -> 15 | F7: =IFERROR(VLOOKUP('Inventory pick list'!$C7,'Inventory list'!$B$4:$K$14,2,FALSE),"") -> Item 10 | G7: =IFERROR(VLOOKUP('Inventory pick list'!$C7,'Inventory list'!$B$4:$K$14,5,FALSE),"") -> Each | H7: =IFERROR(VLOOKUP('Inventory pick list'!$C7,'Inventory list'!$B$4:$K$14,3,FALSE),"") -> T349 | I7: =IFERROR(VLOOKUP('Inventory pick list'!$C7,'Inventory list'!$B$4:$K$14,4,FALSE),"") -> Row 1, slot 2
B8: TP001-1 | C8: MK676554 | D8: 3 | E8: =IFERROR(VLOOKUP('Inventory pick list'!$C8,'Inventory list'!$B$4:$K$14,6,FALSE),"") -> 10 | F8: =IFERROR(VLOOKUP('Inventory pick list'!$C8,'Inventory list'!$B$4:$K$14,2,FALSE),"") -> Item 3 | G8: =IFERROR(VLOOKUP('Inventory pick list'!$C8,'Inventory list'!$B$4:$K$14,5,FALSE),"") -> Each | H8: =IFERROR(VLOOKUP('Inventory pick list'!$C8,'Inventory list'!$B$4:$K$14,3,FALSE),"") -> T5789 | I8: =IFERROR(VLOOKUP('Inventory pick list'!$C8,'Inventory list'!$B$4:$K$14,4,FALSE),"") -> Row 1, slot 1

Sheet Bin lookup
B1: BIN LOOKUP
B3: BIN # | C3: DESCRIPTION | D3: LOCATION | E3: WIDTH | F3: HEIGHT | G3: LENGTH
B4: T345 | C4: Large bin | D4: Row 2, slot 1 | E4: 50 | F4: 10 | G4: 10
B5: T5789 | C5: Small bin | D5: Row 1, slot 1 | E5: 25 | F5: 5 | G5: 5
B6: T9876 | C6: Large bin | D6: Row 3, slot 2 | E6: 50 | F6: 10 | G6: 10
B7: T098 | C7: Medium bin | D7: Row 3, slot 1 | E7: 30 | F7: 7 | G7: 10
B8: T349 | C8: Small bin | D8: Row 1, slot 2 | E8: 25 | F8: 5 | G8: 5
B9: T5789 | C9: Large bin | D9: Row 4, slot 5 | E9: 50 | F9: 10 | G9: 10
B10: T9875 | C10: Large bin | D10: Row 2, slot 2 | E10: 50 | F10: 10 | G10: 10
